{"slots": ["mer. 7 avr. 10:05", "sam. 24 avr. 12:40", "mer. 7 avr. 10:05"], "urls": ["https://partners.doctolib.fr/hopital-public/yssingeaux/centre-de-vaccination-covid-19-ch-de-yssingeaux?speciality_id=5494&enable_cookies_consent=1", "https://partners.doctolib.fr/hopital-public/espaly-saint-marcel/centre-de-vaccination-covid-19-ch-puy-en-velay?pid=practice-164904?speciality_id=5494&enable_cookies_consent=1", "https://partners.doctolib.fr/hopital-public/yssingeaux/centre-de-vaccination-covid-19-ch-de-yssingeaux?speciality_id=5494&enable_cookies_consent=1"], "noms": ["Centre vaccination Monistrol  (Professionnels de sant\u00e9 uniquement)", "Centre de vaccination du CH du Puy en Velay (Emile Roux)", "Centre de vaccination du Centre hospitalier d'Yssingeaux"], "scan_time": "31/03/2021 \u00e0 17h58", "urls_pas_de_rdv": ["https://partners.doctolib.fr/hopital-public/brioude/centre-de-vaccination-covid19-ch-brioude?speciality_id=5494&enable_cookies_consent=1", "https://partners.doctolib.fr/hopital-public/brioude/centre-de-vaccination-covid19-ch-brioude?speciality_id=5494&enable_cookies_consent=1"], "noms_pas_de_rdv": ["Centre de vaccination de Langeac", "Centre de vaccination du Centre Hospitalier de Brioude"], "urls_autres": ["https://www.maiia.com/centre-de-vaccination/43500-craponne-sur-arzon/centre-de-vaccination---ch-de-craponne-"], "noms_autres": ["Centre vaccination Craponne ( (Professionnels de sant\u00e9 uniquement)"], "last_dep_updated": "43"}